[
   {
       "w": "ASIAN",
       "l": "Chip",
       "wins": 2,
       "losses": 0
   },
   {
       "w": "ASIAN",
       "l": "Toonmac",
       "wins": 2,
       "losses": 1,
		"r": "true"
   },
   {
       "w": "Aegis",
       "l": "Rosa",
       "wins": 2,
       "losses": 0,
		"r": "true"
   },
   {
       "w": "Dalnok",
       "l": "Juvia",
       "wins": 2,
       "losses": 0,
		"r": "true"
   },
   {
       "w": "ASIAN",
       "l": "Pyu",
       "wins": 2,
       "losses": 1
   },
   {
       "w": "Pyu",
       "l": "Boi",
       "wins": 1,
       "losses": 0,
		"t": "true"
   },
   {
       "w": "Dalnok",
       "l": "Pyu",
       "wins": 1,
       "losses": 0,
		"t": "true"
   },
   {
       "w": "ASIAN",
       "l": "Player 9",
       "wins": 1,
       "losses": 0,
		"t": "true"
   },
   {
       "w": "Dalnok",
       "l": "Player 9",
       "wins": 2,
       "losses": 1,
		"t": "true"
   },
   {
       "w": "Player 9",
       "l": "TuesdayTastic",
       "wins": 1,
       "losses": 0,
		"t": "true"
   }
]

